Draw Date,Wi,nni,ng,Num,ber
10/7/23,47,54,57,60,65
10/4/23,9,35,54,63,64
10/2/23,12,26,27,43,47
9/30/23,19,30,37,44,46
9/27/23,1,7,46,47,63
9/25/23,10,12,22,36,50
9/23/23,1,12,20,33,66
9/20/23,16,27,59,62,63
9/18/23,2,21,26,40,42
9/16/23,8,11,19,24,46
9/13/23,22,30,37,44,45
9/11/23,9,25,27,53,66
9/9/23,11,19,29,63,68
9/6/23,9,14,20,23,63
9/4/23,1,26,32,46,51
9/2/23,25,38,42,66,67
8/30/23,4,13,35,61,69
8/28/23,4,6,25,55,68
8/26/23,20,22,26,28,63
8/23/23,25,30,32,33,55
8/21/23,3,4,12,22,28
8/19/23,1,25,27,38,62
8/16/23,9,11,17,19,55
8/14/23,32,34,37,39,47
8/12/23,19,21,37,50,65
8/9/23,10,15,21,67,69
8/7/23,6,13,20,35,54
8/5/23,18,42,44,62,65
8/2/23,23,24,33,51,64
7/31/23,2,11,48,58,65
7/29/23,10,25,27,34,38
7/26/23,3,16,40,48,60
7/24/23,3,4,12,28,49
7/22/23,25,27,36,37,63
7/19/23,7,10,11,13,24
7/17/23,5,8,9,17,41
7/15/23,2,9,43,55,57
7/12/23,23,35,45,66,67
7/10/23,2,24,34,53,58
7/8/23,7,23,24,32,43
7/5/23,17,24,48,62,68
7/3/23,15,26,31,38,61
7/1/23,4,17,35,49,61
6/28/23,19,25,34,57,68
6/26/23,6,28,39,43,54
6/24/23,2,38,44,50,62
6/21/23,5,11,33,35,63
6/19/23,36,39,52,57,69
6/17/23,2,12,45,61,64
6/14/23,3,20,36,42,64
6/12/23,2,3,16,23,68
6/10/23,21,32,42,46,50
6/7/23,16,21,29,53,66
6/5/23,2,31,45,46,49
6/3/23,15,45,64,67,68
5/31/23,2,4,54,61,62
5/29/23,21,33,35,62,64
5/27/23,24,38,39,48,56
5/24/23,12,21,44,50,58
5/22/23,9,38,48,52,68
5/20/23,17,23,32,38,63
5/17/23,18,34,37,45,51
5/15/23,1,26,28,55,58
5/13/23,3,15,20,23,46
5/10/23,21,24,33,55,69
5/8/23,15,20,33,36,43
5/6/23,31,39,47,51,53
5/3/23,21,26,30,45,47
5/1/23,3,38,55,61,66
4/29/23,16,53,54,57,65
4/26/23,2,15,30,35,49
4/24/23,19,21,55,66,68
4/22/23,17,36,47,63,68
4/19/23,4,11,21,38,64
4/17/23,23,25,35,63,64
4/15/23,1,33,34,56,59
4/12/23,9,36,41,44,59
4/10/23,9,10,36,46,52
4/8/23,11,22,24,51,60
4/5/23,3,5,9,42,52
4/3/23,16,30,31,54,68
4/1/23,11,19,21,29,52
3/29/23,4,9,24,46,66
3/27/23,19,26,36,43,58
3/25/23,15,17,18,47,57
3/22/23,27,28,37,50,57
3/20/23,1,27,32,47,67
3/18/23,14,20,30,54,69
3/15/23,16,18,33,37,50
3/13/23,3,10,24,46,63
3/11/23,11,20,33,43,58
3/8/23,26,27,43,61,69
3/6/23,2,13,29,58,69
3/4/23,10,16,18,40,66
3/1/23,2,9,28,36,53
2/27/23,16,28,49,51,55
2/25/23,11,24,58,66,67
2/22/23,11,19,39,44,65
2/20/23,3,17,26,38,54
2/18/23,8,21,31,32,37
2/15/23,31,32,54,60,63
2/13/23,17,26,37,61,65
2/11/23,10,23,30,54,65
2/8/23,52,58,59,64,66
2/6/23,5,11,22,23,69
2/4/23,2,8,15,19,58
2/1/23,31,43,58,59,66
1/30/23,1,4,12,36,49
1/28/23,2,18,23,27,47
1/25/23,9,17,20,38,40
1/23/23,12,31,47,58,60
1/21/23,5,14,19,46,64
1/18/23,6,15,22,42,47
1/16/23,4,14,33,39,61
1/14/23,24,26,39,47,57
1/11/23,4,8,46,47,48
1/9/23,18,43,48,60,69
1/7/23,35,36,44,45,67
1/4/23,12,32,56,67,68
1/2/23,7,9,12,31,62
12/31/22,18,37,44,50,64
12/28/22,26,32,38,45,56
12/26/22,17,41,47,60,61
12/24/22,17,37,46,54,67
12/21/22,12,15,24,34,59
12/19/22,7,37,55,65,67
12/17/22,33,56,64,66,68
12/14/22,36,51,59,66,68
12/12/22,16,31,50,55,61
12/10/22,9,23,47,49,68
12/7/22,6,28,44,59,61
12/5/22,35,45,47,54,55
12/3/22,6,13,33,36,37
11/30/22,4,19,24,47,66
11/28/22,29,30,32,48,50
11/26/22,15,30,47,50,51
11/23/22,1,2,31,39,66
11/21/22,1,6,40,51,67
11/19/22,7,28,62,63,64
11/16/22,28,34,51,53,56
11/14/22,19,35,53,54,67
11/12/22,16,20,44,57,58
11/9/22,7,14,24,30,56
11/5/22,28,45,53,56,69
11/2/22,2,11,22,35,60
10/31/22,13,19,36,39,59
10/29/22,19,31,40,46,57
10/26/22,19,36,37,46,56
10/24/22,18,23,35,45,54
10/22/22,19,25,48,55,60
10/19/22,6,8,15,27,42
10/17/22,19,30,36,46,60
10/15/22,32,37,40,58,62
10/12/22,14,30,41,42,59
10/10/22,3,6,11,17,22
10/8/22,13,43,53,60,68
10/5/22,26,30,33,37,62
10/3/22,2,16,22,55,63
10/1/22,8,21,22,65,69
9/28/22,6,10,24,33,67
9/26/22,13,20,31,33,59
9/24/22,3,9,21,24,29
9/21/22,6,33,34,45,54
9/19/22,7,15,36,46,67
9/17/22,5,25,36,51,61
9/14/22,9,10,20,22,52
9/12/22,6,14,16,34,66
9/10/22,38,42,56,68,69
9/7/22,3,16,30,33,36
9/5/22,4,7,32,55,64
9/3/22,18,27,49,65,69
8/31/22,7,8,19,24,28
8/29/22,13,36,43,61,69
8/27/22,2,18,56,60,65
8/24/22,6,24,35,37,44
8/22/22,12,27,34,55,67
8/20/22,5,9,11,16,66
8/17/22,23,28,41,50,55
8/15/22,20,24,47,50,63
8/13/22,19,24,35,43,62
8/10/22,29,44,59,61,68
8/8/22,32,45,51,57,58
8/6/22,8,15,46,56,68
8/3/22,9,21,56,57,66
8/1/22,15,21,31,36,65
7/30/22,4,17,57,58,68
7/27/22,1,25,44,55,57
7/25/22,25,37,38,39,65
7/23/22,39,41,54,59,62
7/20/22,10,20,23,49,65
7/18/22,14,34,36,50,58
7/16/22,3,18,23,32,57
7/13/22,22,23,36,47,63
7/11/22,4,26,34,37,52
7/9/22,14,22,42,46,52
7/6/22,32,36,49,62,69
7/4/22,15,16,24,31,56
7/2/22,9,10,37,59,62
6/29/22,8,40,49,58,63
6/27/22,11,13,18,30,37
6/25/22,6,12,20,27,32
6/22/22,6,10,31,48,56
6/20/22,3,44,61,63,69
6/18/22,10,19,40,45,58
6/15/22,19,28,41,42,51
6/13/22,2,27,42,44,51
6/11/22,18,20,26,53,69
6/8/22,22,39,43,62,64
6/6/22,2,10,35,44,46
6/4/22,14,16,36,52,60
6/1/22,11,41,56,57,63
5/30/22,27,28,51,68,69
5/28/22,2,39,50,61,66
5/25/22,19,28,39,42,57
5/23/22,1,33,37,39,42
5/21/22,14,15,25,52,58
5/18/22,40,41,58,64,65
5/16/22,7,15,22,36,64
5/14/22,6,40,41,45,52
5/11/22,5,7,61,63,69
5/9/22,18,30,35,52,56
5/7/22,4,5,6,28,67
5/4/22,37,39,55,63,69
5/2/22,18,27,33,39,44
4/30/22,14,21,37,44,63
4/27/22,11,36,61,62,68
4/25/22,12,18,20,39,61
4/23/22,10,39,47,49,56
4/20/22,20,30,45,55,56
4/18/22,8,33,55,59,62
4/16/22,15,21,32,62,65
4/13/22,14,16,41,63,68
4/11/22,5,7,24,31,34
4/6/22,6,42,45,47,64
4/4/22,2,32,39,46,69
4/2/22,6,28,47,58,59
3/30/22,3,7,21,31,37
3/28/22,11,18,39,58,62
3/26/22,2,10,50,59,61
3/23/22,31,32,37,38,48
3/21/22,1,15,26,63,65
3/19/22,8,9,18,48,52
3/16/22,3,28,34,35,58
3/14/22,21,28,32,44,49
3/9/22,13,22,34,51,67
3/7/22,10,43,55,59,67
3/5/22,8,23,37,52,63
3/2/22,19,37,48,61,63
2/28/22,7,21,39,47,55
2/26/22,15,32,36,48,64
2/23/22,6,17,21,35,64
2/21/22,2,36,37,45,69
2/19/22,3,10,15,33,42
2/16/22,22,30,40,42,48
2/14/22,16,25,27,49,55
2/12/22,8,10,21,41,62
2/9/22,2,17,33,51,63
2/7/22,5,15,38,47,65
2/5/22,5,16,27,39,61
2/2/22,18,29,33,62,63
1/31/22,10,15,51,61,69
1/29/22,2,15,38,54,65
1/26/22,4,11,38,49,69
1/24/22,11,29,30,47,53
1/22/22,8,14,33,36,67
1/19/22,11,15,43,55,61
1/17/22,9,24,35,46,65
1/15/22,3,18,37,51,59
1/12/22,12,21,22,30,33
1/10/22,14,17,18,21,27
1/8/22,20,21,36,60,65
1/5/22,6,14,25,33,46
1/3/22,2,13,32,33,48
1/1/22,6,12,39,48,50
12/29/21,2,6,9,33,39
12/27/21,36,38,45,62,64
12/25/21,27,29,45,55,58
12/22/21,7,16,19,48,68
12/20/21,2,13,23,34,66
12/18/21,2,6,24,51,61
12/15/21,19,20,40,42,59
12/13/21,10,30,37,53,59
12/11/21,3,25,44,53,64
12/8/21,3,7,33,50,69
12/6/21,3,21,38,50,59
12/4/21,10,40,45,56,67
12/1/21,12,15,38,57,63
11/29/21,18,26,28,38,47
11/27/21,8,32,55,64,66
11/24/21,10,16,32,63,65
11/22/21,7,20,29,38,67
11/20/21,40,43,48,59,69
11/17/21,3,16,48,52,60
11/15/21,5,31,34,51,53
11/13/21,8,15,26,35,45
11/10/21,19,25,43,46,48
11/8/21,21,46,47,57,62
11/6/21,8,30,48,57,64
11/3/21,1,2,24,50,57
11/1/21,9,25,34,44,45
10/30/21,5,23,28,43,56
10/27/21,3,6,26,35,51
10/25/21,10,27,29,44,58
10/23/21,10,30,51,57,63
10/20/21,7,29,36,41,43
10/18/21,30,32,48,53,63
10/16/21,30,31,41,42,48
10/13/21,23,29,47,59,60
10/11/21,11,20,33,39,65
10/9/21,12,17,30,45,62
10/6/21,1,17,52,58,64
10/4/21,12,22,54,66,69
10/2/21,28,38,42,47,52
9/29/21,2,7,11,17,32
9/27/21,21,22,39,44,60
9/25/21,22,23,37,62,63
9/22/21,20,40,47,55,63
9/20/21,37,51,54,58,60
9/18/21,5,36,39,45,57
9/15/21,1,4,18,46,62
9/13/21,37,40,50,61,63
9/11/21,20,31,38,40,49
9/8/21,9,22,41,47,61
9/6/21,11,20,22,33,54
9/4/21,32,35,40,52,54
9/1/21,10,20,29,48,51
8/30/21,3,15,45,51,61
8/28/21,12,22,26,46,59
8/25/21,27,39,54,56,59
8/23/21,17,36,47,60,61
8/21/21,16,28,36,39,59
8/18/21,35,36,51,55,61
8/14/21,6,21,49,65,67
8/11/21,12,18,20,29,30
8/7/21,7,24,36,54,60
8/4/21,5,21,32,36,58
7/31/21,1,21,22,34,47
7/28/21,25,30,53,59,60
7/24/21,1,4,11,59,67
7/21/21,27,28,44,67,68
7/17/21,15,22,38,54,66
7/14/21,33,46,52,59,62
7/10/21,1,5,29,54,62
7/7/21,8,21,30,49,57
7/3/21,26,40,41,55,65
6/30/21,24,29,50,65,66
6/26/21,8,31,39,43,60
6/23/21,13,20,40,51,63
6/19/21,4,22,35,38,39
6/16/21,19,29,34,44,50
6/12/21,8,25,34,38,41
6/9/21,19,28,46,50,54
6/5/21,44,52,54,64,69
6/2/21,6,7,11,66,67
5/29/21,11,13,22,27,46
5/26/21,2,8,21,34,62
5/22/21,3,19,27,37,40
5/19/21,11,13,55,56,69
5/15/21,4,10,37,39,69
5/12/21,1,19,20,38,54
5/8/21,12,17,20,21,26
5/5/21,16,23,28,40,63
5/1/21,35,36,47,61,63
4/24/21,22,36,48,59,61
4/21/21,21,25,32,63,67
4/17/21,10,21,26,41,49
4/14/21,13,30,33,45,61
4/10/21,14,16,23,50,53
4/7/21,27,35,39,51,66
4/3/21,1,12,17,39,53
3/31/21,3,10,44,55,68
3/27/21,6,14,38,39,65
3/24/21,4,9,17,27,38
3/20/21,1,6,22,42,61
3/17/21,34,38,42,61,62
3/13/21,5,11,51,56,61
3/10/21,17,18,37,44,53
3/6/21,11,31,50,52,58
3/3/21,21,40,44,50,55
2/27/21,2,28,31,44,52
2/24/21,4,33,43,53,65
2/20/21,4,8,22,32,58
2/17/21,1,15,21,32,46
2/13/21,20,28,33,63,68
2/10/21,15,39,58,63,67
2/6/21,1,16,48,49,65
2/3/21,5,37,40,64,66
1/30/21,1,2,7,52,61
1/27/21,17,33,35,42,52
1/23/21,5,8,17,27,28
1/20/21,40,53,60,68,69
1/16/21,14,20,39,65,67
1/13/21,4,19,23,25,49
1/9/21,14,26,38,45,46
1/6/21,1,20,22,60,66
1/2/21,3,4,11,41,67
12/30/20,3,43,45,61,65
12/26/20,10,24,27,35,53
12/23/20,6,13,38,39,53
12/19/20,27,32,34,43,52
12/16/20,4,23,37,61,67
12/12/20,17,54,56,63,69
12/9/20,11,14,31,47,48
12/5/20,3,4,6,48,53
12/2/20,28,31,40,41,46
11/28/20,8,12,18,44,51
11/25/20,2,57,58,60,65
11/21/20,51,54,57,60,69
11/18/20,4,5,17,43,52
11/14/20,7,15,18,32,45
11/11/20,13,15,17,45,63
11/7/20,14,16,37,48,58
11/4/20,23,32,33,45,49
10/31/20,2,6,40,42,55
10/28/20,11,28,37,40,53
10/24/20,18,20,27,45,65
10/21/20,1,3,13,44,56
10/17/20,6,10,31,37,44
10/14/20,21,37,52,53,58
10/10/20,5,18,23,40,50
10/7/20,6,24,30,53,56
10/3/20,18,31,36,43,47
9/30/20,14,18,36,49,67
9/26/20,11,21,27,36,62
9/23/20,8,17,49,52,59
9/19/20,11,14,23,47,57
9/16/20,10,17,31,51,53
9/12/20,16,17,20,53,67
9/9/20,27,52,55,60,64
9/5/20,15,21,22,27,47
9/2/20,1,4,11,20,69
8/29/20,5,21,22,29,43
8/26/20,8,12,19,47,58
8/22/20,19,30,36,42,66
8/19/20,13,23,47,55,58
8/15/20,5,12,34,45,56
8/12/20,2,6,18,36,37
8/8/20,2,3,14,40,51
8/5/20,7,14,17,57,65
8/1/20,6,25,36,43,48
7/29/20,7,29,35,40,45
7/25/20,5,21,36,61,62
7/22/20,16,25,36,44,55
7/18/20,13,16,32,58,59
7/15/20,27,47,61,62,69
7/11/20,14,19,61,62,64
7/8/20,3,10,34,36,62
7/4/20,16,21,27,60,61
7/1/20,15,28,52,53,63
6/27/20,9,36,49,56,62
6/24/20,15,22,27,33,46
6/20/20,10,31,41,63,67
6/17/20,7,10,63,64,68
6/13/20,2,12,32,50,65
6/10/20,10,33,41,52,54
6/6/20,1,17,38,68,69
6/3/20,1,3,26,41,64
5/30/20,13,32,41,58,60
5/27/20,38,58,59,64,68
5/23/20,2,8,18,21,23
5/20/20,18,34,40,42,50
5/16/20,8,12,26,39,42
5/13/20,39,53,54,56,57
5/9/20,12,18,42,48,65
5/6/20,7,8,35,50,65
5/2/20,13,16,33,58,68
4/29/20,2,20,49,61,67
4/25/20,1,3,21,47,57
4/22/20,1,33,35,40,69
4/18/20,4,44,46,56,63
4/15/20,10,12,33,36,41
4/11/20,22,29,30,42,47
4/8/20,2,37,39,48,54
4/4/20,8,31,39,40,43
4/1/20,33,35,45,48,60
3/28/20,7,40,48,55,66
3/25/20,5,9,27,39,42
3/21/20,2,23,40,59,69
3/18/20,15,27,44,59,63
3/14/20,9,23,26,30,32
3/11/20,4,29,49,50,67
3/7/20,7,15,21,33,62
3/4/20,18,43,58,60,68
2/29/20,24,44,46,50,51
2/26/20,8,27,29,36,47
2/22/20,25,37,39,61,62
2/19/20,10,12,15,19,56
2/15/20,16,32,35,36,46
2/12/20,14,47,54,55,68
2/8/20,35,49,50,59,66
2/5/20,23,30,35,41,57
2/1/20,12,33,54,57,60
1/29/20,9,12,15,31,60
1/25/20,2,9,17,36,67
1/22/20,11,33,44,59,67
1/18/20,20,24,38,56,68
1/15/20,39,41,53,55,68
1/11/20,3,21,23,31,59
1/8/20,2,4,7,43,56
1/4/20,1,11,21,25,54
1/1/20,49,53,57,59,62
12/28/19,20,23,39,59,60
12/25/19,2,4,16,30,46
12/21/19,19,31,35,50,67
12/18/19,14,18,26,39,68
12/14/19,3,6,12,32,64
12/11/19,24,29,42,44,63
12/7/19,18,42,53,62,66
12/4/19,8,27,44,51,61
11/30/19,15,35,42,63,68
11/27/19,15,26,37,53,55
11/23/19,28,35,38,61,66
11/20/19,7,15,39,40,57
11/16/19,14,22,26,55,63
11/13/19,23,26,27,28,66
11/9/19,14,17,35,38,60
11/6/19,15,28,46,62,64
11/2/19,3,23,32,37,58
10/30/19,19,22,52,56,67
10/26/19,3,20,48,54,59
10/23/19,5,12,50,61,69
10/19/19,14,27,29,59,65
10/16/19,1,5,25,63,67
10/12/19,12,29,34,53,65
10/9/19,5,18,33,43,65
10/5/19,6,14,36,51,54
10/2/19,4,8,10,43,53
9/28/19,15,23,34,51,55
9/25/19,37,43,44,45,53
9/21/19,1,9,22,36,68
9/18/19,14,19,39,47,51
9/14/19,11,27,31,36,67
9/11/19,6,17,24,53,57
9/7/19,11,20,41,42,56
9/4/19,4,8,30,52,59
8/31/19,14,41,50,56,57
8/28/19,9,32,37,41,56
8/24/19,5,12,20,21,47
8/21/19,12,21,22,29,32
8/17/19,18,21,24,30,60
8/14/19,10,13,30,51,69
8/10/19,35,41,44,58,59
8/7/19,8,32,47,53,59
8/3/19,3,6,45,66,68
7/31/19,14,37,47,55,67
7/27/19,1,19,31,48,61
7/24/19,22,29,35,53,56
7/20/19,5,26,36,64,69
7/17/19,19,43,47,60,68
7/13/19,13,23,32,35,68
7/10/19,7,9,26,44,68
7/6/19,4,8,23,46,65
7/3/19,40,43,45,50,61
6/29/19,13,17,24,59,62
6/26/19,1,5,16,22,54
6/22/19,3,6,11,14,66
6/19/19,4,18,21,26,38
6/15/19,8,11,14,16,49
6/12/19,5,35,38,42,57
6/8/19,9,13,42,48,60
6/5/19,17,23,28,34,38
6/1/19,6,15,34,45,52
5/29/19,3,32,34,42,61
5/25/19,1,2,39,43,66
5/22/19,7,10,20,44,57
5/18/19,2,10,25,66,67
5/15/19,7,17,33,61,68
5/11/19,6,8,9,37,40
5/8/19,1,45,53,64,66
5/4/19,6,16,23,30,61
5/1/19,5,23,28,56,66
4/27/19,2,29,41,45,62
4/24/19,6,32,35,36,65
4/20/19,3,27,30,63,65
4/17/19,1,15,17,46,66
4/13/19,4,17,26,32,49
4/10/19,12,21,23,39,67
4/6/19,15,33,43,59,60
4/3/19,16,19,25,32,49
3/30/19,21,52,54,64,68
3/27/19,16,20,37,44,62
3/23/19,24,25,52,60,66
3/20/19,10,14,50,53,63
3/16/19,30,34,39,53,67
3/13/19,18,36,45,47,69
3/9/19,5,6,45,55,59
3/6/19,6,10,21,35,46
3/2/19,1,19,25,27,68
2/27/19,21,31,42,49,59
2/23/19,4,6,14,20,32
2/20/19,27,49,50,51,52
2/16/19,29,30,41,48,64
2/13/19,2,8,14,24,69
2/9/19,1,2,3,7,39
2/6/19,5,13,28,38,63
2/2/19,10,17,18,43,65
1/30/19,2,12,16,29,54
1/26/19,8,12,20,21,32
1/23/19,23,25,47,48,50
1/19/19,5,8,41,65,66
1/16/19,14,29,31,56,61
1/12/19,7,36,48,57,58
1/9/19,6,19,37,49,59
1/5/19,3,7,15,27,69
1/2/19,8,12,42,46,56
12/29/18,12,42,51,53,62
12/26/18,5,25,38,52,67
12/22/18,21,28,30,40,59
12/19/18,15,29,31,37,43
12/15/18,8,38,43,52,55
12/12/18,4,9,21,29,64
12/8/18,14,32,34,46,61
12/5/18,9,11,36,37,38
12/1/18,10,11,47,55,58
11/28/18,4,19,59,68,69
11/24/18,11,33,51,56,58
11/21/18,7,14,23,38,55
11/17/18,6,8,20,52,68
11/14/18,7,42,49,62,69
11/10/18,5,29,34,53,57
11/7/18,26,28,34,42,50
11/3/18,15,21,24,32,65
10/31/18,7,25,39,40,47
10/27/18,8,12,13,19,27
10/24/18,3,21,45,53,56
10/20/18,16,54,57,62,69
10/17/18,3,57,64,68,69
10/13/18,11,14,32,43,65
10/10/18,8,23,27,42,60
10/6/18,1,22,27,53,67
10/3/18,41,53,59,63,66
9/29/18,9,17,34,59,64
9/26/18,1,2,7,30,50
9/22/18,24,61,63,64,69
9/19/18,4,39,48,50,51
9/15/18,2,18,19,24,34
9/12/18,6,28,48,63,64
9/8/18,3,13,20,32,33
9/5/18,6,15,50,59,60
9/1/18,11,54,55,61,66
8/29/18,25,41,53,57,67
8/25/18,20,25,54,57,63
8/22/18,1,7,45,47,69
8/18/18,24,34,52,61,67
8/15/18,12,15,28,47,48
8/11/18,5,43,56,62,68
8/8/18,10,21,30,43,63
8/4/18,3,11,38,44,58
8/1/18,5,22,32,38,58
7/28/18,22,27,46,56,65
7/25/18,2,18,41,44,64
7/21/18,9,23,56,58,68
7/18/18,1,10,27,28,36
7/14/18,22,41,42,49,67
7/11/18,19,21,27,46,47
7/7/18,1,10,43,45,64
7/4/18,4,7,15,41,44
6/30/18,3,9,20,42,61
6/27/18,7,28,37,62,63
6/23/18,16,29,43,45,56
6/20/18,4,14,23,27,56
6/16/18,9,45,57,58,65
6/13/18,13,20,38,45,55
6/9/18,6,10,15,25,36
6/6/18,23,28,41,53,56
6/2/18,23,25,37,44,64
5/30/18,17,23,26,46,68
5/26/18,1,21,31,45,49
5/23/18,20,54,56,61,64
5/19/18,3,6,9,17,56
5/16/18,17,19,21,22,51
5/12/18,22,42,45,55,56
5/9/18,11,16,38,50,69
5/5/18,14,29,36,57,61
5/2/18,5,14,31,40,50
4/28/18,20,22,28,45,50
4/25/18,17,18,39,56,64
4/21/18,40,50,54,62,69
4/18/18,9,10,12,17,23
4/14/18,17,19,26,61,62
4/11/18,16,18,27,55,67
4/7/18,2,17,20,38,39
4/4/18,8,24,42,54,64
3/31/18,8,24,52,55,61
3/28/18,6,8,26,52,53
3/24/18,10,33,45,53,56
3/21/18,3,4,18,29,61
3/17/18,22,57,59,60,66
3/14/18,6,12,24,41,68
3/10/18,43,44,54,61,69
3/7/18,6,13,19,36,51
3/3/18,13,17,25,36,40
2/28/18,12,30,59,65,69
2/24/18,24,25,38,62,63
2/21/18,7,15,31,34,36
2/17/18,13,26,39,44,62
2/14/18,37,39,44,46,69
2/10/18,1,13,27,41,59
2/7/18,23,34,35,40,47
2/3/18,15,23,27,48,53
1/31/18,4,7,14,46,59
1/27/18,17,21,26,47,54
1/24/18,5,9,11,33,64
1/20/18,26,28,47,49,58
1/17/18,3,33,37,51,57
1/13/18,14,25,35,58,69
1/10/18,7,24,33,49,50
1/6/18,12,61,30,29,33
1/3/18,2,18,37,39,42
12/30/17,28,36,41,51,58
12/27/17,3,9,16,56,60
12/23/17,1,3,13,15,44
12/20/17,1,20,61,64,69
12/16/17,9,35,37,50,63
12/13/17,2,24,28,51,58
12/9/17,25,36,37,55,60
12/6/17,19,20,50,55,62
12/2/17,28,30,32,36,58
11/29/17,24,26,28,59,63
11/25/17,8,13,27,53,54
11/22/17,35,37,46,51,61
11/18/17,17,28,31,32,39
11/15/17,23,32,44,48,50
11/11/17,4,6,16,30,56
11/8/17,12,14,20,21,34
11/4/17,12,14,26,48,51
11/1/17,3,6,19,26,44
10/28/17,27,35,38,57,66
10/25/17,18,22,29,54,57
10/21/17,14,41,42,45,69
10/18/17,30,49,54,66,69
10/14/17,32,37,56,66,69
10/11/17,1,3,13,19,69
10/7/17,10,49,61,63,65
10/4/17,22,23,62,63,66
9/30/17,8,12,25,41,64
9/27/17,8,10,21,23,25
9/23/17,24,45,55,56,57
9/20/17,39,48,53,67,68
9/16/17,17,18,24,25,31
9/13/17,17,24,35,57,63
9/9/17,6,20,29,57,59
9/6/17,8,14,32,58,67
9/2/17,6,21,41,52,62
8/30/17,19,28,43,67,69
8/26/17,7,15,32,38,66
8/23/17,6,7,16,23,26
8/19/17,17,19,39,43,68
8/16/17,9,15,43,60,64
8/12/17,20,24,26,35,49
8/9/17,12,30,36,47,62
8/5/17,11,21,28,33,45
8/2/17,1,16,54,63,69
7/29/17,1,28,40,45,48
7/26/17,7,19,21,42,69
7/22/17,5,32,44,53,60
7/19/17,50,51,59,61,63
7/15/17,9,40,63,64,66
7/12/17,1,2,18,23,61
7/8/17,8,10,29,40,59
7/5/17,4,9,16,54,68
7/1/17,19,42,45,48,53
6/28/17,29,37,46,53,68
6/24/17,10,22,32,36,58
6/21/17,14,46,61,65,68
6/17/17,10,13,32,53,62
6/14/17,5,22,43,57,63
6/7/17,5,21,57,66,69
6/3/17,3,9,21,41,54
5/31/17,4,33,39,46,60
5/27/17,5,10,28,55,67
5/24/17,28,32,33,38,62
5/20/17,5,22,45,47,54
5/17/17,4,11,39,45,48
5/13/17,17,20,32,63,68
5/10/17,29,31,46,56,62
5/6/17,11,21,31,41,59
5/3/17,17,18,49,59,66
4/29/17,22,23,24,45,62
4/26/17,1,15,18,26,51
4/22/17,21,39,41,48,63
4/19/17,1,19,37,40,52
4/15/17,5,22,26,45,61
4/12/17,8,14,61,63,68
4/8/17,23,36,51,53,60
4/5/17,8,20,46,53,54
4/1/17,9,32,36,44,65
3/29/17,8,15,31,36,62
3/25/17,18,31,32,45,48
3/22/17,2,9,27,29,42
3/18/17,13,25,44,54,67
3/15/17,16,30,41,48,53
3/11/17,1,26,41,50,57
3/8/17,23,33,42,46,59
3/4/17,2,18,19,22,63
3/1/17,10,16,40,52,55
2/25/17,6,32,47,62,65
2/22/17,10,13,28,52,61
2/18/17,3,7,9,31,33
2/15/17,5,28,33,38,42
2/11/17,5,9,17,37,64
2/8/17,14,20,42,49,66
2/4/17,6,13,16,17,52
2/1/17,9,43,57,60,64
1/28/17,12,20,39,49,69
1/25/17,18,28,62,66,68
1/21/17,23,25,45,52,67
1/18/17,9,40,41,53,58
1/14/17,23,55,59,64,69
1/11/17,1,3,13,16,43
1/7/17,3,12,24,37,63
1/4/17,16,17,29,41,42
12/31/16,1,3,28,57,67
12/28/16,16,23,30,44,58
12/24/16,28,38,42,51,52
12/21/16,25,33,40,54,68
12/17/16,1,8,16,40,48
12/14/16,18,26,37,39,66
12/10/16,12,21,32,44,66
12/7/16,41,48,49,53,64
12/3/16,8,10,26,27,33
11/30/16,3,14,18,25,45
11/26/16,17,19,21,37,44
11/23/16,7,32,41,47,61
11/19/16,16,24,28,43,61
11/16/16,28,41,61,63,65
11/12/16,8,17,20,27,52
11/9/16,1,25,28,31,54
11/5/16,21,31,50,51,69
11/2/16,13,18,37,54,61
10/29/16,19,20,21,42,48
10/26/16,2,3,16,48,56
10/22/16,1,28,33,55,56
10/19/16,10,16,38,43,63
10/15/16,23,49,57,64,67
10/12/16,16,30,34,37,44
10/8/16,3,54,61,64,68
10/5/16,8,18,27,29,60
10/1/16,2,12,50,61,64
9/28/16,30,38,52,53,62
9/24/16,7,15,20,29,41
9/21/16,1,28,63,67,69
9/17/16,9,19,51,55,62
9/14/16,10,11,23,28,31
9/10/16,3,17,49,55,68
9/7/16,22,23,29,33,55
9/3/16,7,39,50,59,67
8/31/16,5,10,24,56,61
8/27/16,4,32,48,49,63
8/24/16,9,11,25,64,65
8/20/16,3,6,21,60,68
8/17/16,33,44,49,50,52
8/13/16,38,44,60,64,69
8/10/16,23,56,61,64,67
8/6/16,20,33,36,47,52
8/3/16,9,11,27,66,67
7/30/16,11,17,21,23,32
7/27/16,10,47,50,65,68
7/23/16,5,7,23,35,39
7/20/16,6,25,35,58,66
7/16/16,11,17,40,50,62
7/13/16,3,15,29,54,57
7/9/16,10,28,32,61,64
7/6/16,2,24,31,57,66
7/2/16,10,34,39,59,63
6/29/16,23,29,37,60,64
6/25/16,3,27,36,56,69
6/22/16,14,40,42,43,52
6/18/16,2,23,41,53,63
6/15/16,4,22,24,31,33
6/11/16,20,27,36,41,58
6/8/16,12,25,37,60,69
6/4/16,16,20,22,43,64
6/1/16,23,30,33,40,69
5/28/16,6,33,34,58,59
5/25/16,11,24,41,59,64
5/21/16,5,7,9,23,32
5/18/16,23,25,39,54,67
5/14/16,13,27,47,64,65
5/11/16,20,32,52,66,69
5/7/16,5,25,26,44,66
5/4/16,30,47,57,66,69
4/30/16,3,12,16,32,34
4/27/16,2,25,33,39,64
4/23/16,19,35,46,59,62
4/20/16,12,25,30,52,62
4/16/16,3,18,25,32,51
4/13/16,30,33,35,38,64
4/9/16,14,22,23,41,61
4/6/16,4,28,49,60,65
4/2/16,9,28,30,40,61
3/30/16,24,44,53,55,63
3/26/16,11,23,42,52,68
3/23/16,5,8,15,22,49
3/19/16,11,23,43,54,60
3/16/16,10,12,13,46,50
3/12/16,11,28,50,57,62
3/9/16,14,23,32,34,68
3/5/16,3,27,34,59,69
3/2/16,12,13,44,52,62
2/27/16,10,11,21,22,53
2/24/16,21,31,64,65,67
2/20/16,11,12,15,16,54
2/17/16,7,17,27,29,40
2/13/16,7,15,18,19,36
2/10/16,2,3,40,50,62
2/6/16,4,13,31,36,52
2/3/16,26,28,31,60,67
1/30/16,5,12,16,31,43
1/27/16,3,12,40,52,67
1/23/16,22,32,34,40,69
1/20/16,5,39,44,47,69
1/16/16,3,51,52,61,64
1/13/16,4,8,19,27,34
1/9/16,16,19,32,34,57
1/6/16,2,11,47,62,63
1/2/16,5,6,15,29,42
12/30/15,12,36,38,54,61
12/26/15,27,40,44,59,65
12/23/15,16,38,55,63,67
12/19/15,28,30,41,59,68
12/16/15,9,10,32,42,55
12/12/15,2,14,19,30,62
12/9/15,7,10,16,46,56
12/5/15,13,27,33,47,68
12/2/15,14,18,19,32,64
11/28/15,2,6,47,66,67
11/25/15,16,29,53,58,69
11/21/15,37,47,50,52,57
11/18/15,17,40,41,46,69
11/14/15,14,22,37,45,66
11/11/15,4,26,32,55,64
11/7/15,7,16,25,50,53
11/4/15,2,12,17,20,65
10/31/15,9,20,25,47,68
10/28/15,4,54,56,62,63
10/24/15,20,31,56,60,64
10/21/15,30,32,42,56,57
10/17/15,48,49,57,62,69
10/14/15,15,20,29,31,40
10/10/15,12,27,29,43,68
10/7/15,18,30,40,48,52
10/3/15,6,26,33,44,46
9/30/15,21,39,40,55,59
9/26/15,23,31,42,50,57
9/23/15,8,29,41,51,58
9/19/15,12,17,26,43,48
9/16/15,5,7,24,31,39
9/12/15,2,3,13,16,35
9/9/15,44,45,47,50,51
9/5/15,10,16,18,29,45
9/2/15,17,22,30,46,56
8/29/15,18,21,25,28,29
8/26/15,2,22,32,45,56
8/22/15,4,12,14,21,55
8/19/15,6,8,43,48,50
8/15/15,3,13,17,42,52
8/12/15,8,13,29,38,52
8/8/15,9,34,48,52,54
8/5/15,9,11,14,16,42
8/1/15,7,13,24,49,57
7/29/15,4,22,27,28,52
7/25/15,27,29,34,41,44
7/22/15,12,31,43,44,57
7/18/15,6,37,39,45,55
7/15/15,13,16,34,45,50
7/11/15,11,39,46,52,54
7/8/15,4,15,25,27,30
7/4/15,3,6,14,18,24
7/1/15,7,24,26,31,41
6/27/15,18,28,35,46,49
6/24/15,3,5,10,22,32
6/20/15,9,10,16,20,57
6/17/15,20,21,22,41,54
6/13/15,29,41,48,52,54
6/10/15,31,32,48,49,53
6/6/15,8,13,18,27,43
6/3/15,6,8,13,37,40
5/30/15,8,9,25,56,57
5/27/15,8,15,34,53,59
5/23/15,9,15,17,31,43
5/20/15,1,12,28,35,44
5/16/15,24,29,38,48,52
5/13/15,1,25,29,31,47
5/9/15,4,15,17,35,58
5/6/15,23,24,27,39,41
5/2/15,2,6,11,30,31
4/29/15,1,26,34,38,51
4/25/15,21,33,35,38,45
4/22/15,10,14,25,39,53
4/18/15,13,22,23,29,31
4/15/15,1,16,21,29,40
4/11/15,1,12,32,42,58
4/8/15,1,19,45,46,58
4/4/15,33,39,40,41,54
4/1/15,2,30,33,39,44
3/28/15,2,4,6,12,38
3/25/15,7,19,23,50,54
3/21/15,11,16,30,38,42
3/18/15,14,25,30,33,47
3/14/15,8,14,39,46,47
3/11/15,11,24,31,40,44
3/7/15,34,36,38,42,50
3/4/15,8,12,15,35,50
2/28/15,11,17,25,28,46
2/25/15,17,19,21,32,39
2/21/15,10,14,18,34,51
2/18/15,1,9,29,32,49
2/14/15,1,24,44,45,51
2/11/15,11,13,25,39,54
2/7/15,5,10,21,34,58
2/4/15,24,36,51,52,56
1/31/15,5,11,16,26,50
1/28/15,12,24,35,36,49
1/24/15,16,19,20,29,33
1/21/15,11,12,15,28,57
1/17/15,15,16,23,27,36
1/14/15,2,4,10,41,53
1/10/15,2,9,19,28,29
1/7/15,14,15,47,49,59
1/3/15,4,18,43,46,55
12/31/14,17,27,37,40,53
12/27/14,7,10,11,14,36
12/24/14,11,12,46,47,50
12/20/14,14,15,19,31,56
12/17/14,22,31,38,47,48
12/13/14,5,13,28,43,55
12/10/14,34,44,48,54,55
12/6/14,12,15,22,43,49
12/3/14,25,30,32,46,54
11/29/14,13,24,30,42,48
11/26/14,16,17,22,46,54
11/22/14,23,49,53,54,57
11/19/14,6,36,38,48,51
11/15/14,13,16,33,35,51
11/12/14,37,39,51,52,55
11/8/14,9,19,33,38,54
11/5/14,2,11,19,21,42
11/1/14,1,3,13,25,38
10/29/14,25,28,48,57,59
10/25/14,6,10,51,54,57
10/22/14,29,30,40,42,50
10/18/14,20,26,27,36,54
10/15/14,5,7,19,27,28
10/11/14,10,19,37,38,39
10/8/14,5,16,31,46,50
10/4/14,13,18,24,25,33
10/1/14,1,4,18,20,45
9/27/14,2,11,35,52,54
9/24/14,7,14,21,24,41
9/20/14,22,23,30,37,39
9/17/14,18,25,36,48,50
9/13/14,1,6,16,37,53
9/10/14,2,14,39,40,43
9/6/14,9,29,31,43,50
9/3/14,2,16,43,45,51
8/30/14,5,28,31,52,59
8/27/14,17,24,26,45,46
8/23/14,28,32,35,36,52
8/20/14,4,8,21,38,40
8/16/14,7,8,17,48,59
8/13/14,8,37,39,40,52
8/9/14,3,12,31,34,51
8/6/14,1,8,24,28,49
8/2/14,12,26,44,46,47
7/30/14,13,30,42,49,53
7/26/14,24,28,30,38,39
7/23/14,4,10,12,22,31
7/19/14,10,17,25,45,53
7/16/14,5,15,18,26,32
7/12/14,2,3,7,23,51
7/9/14,9,25,42,55,57
7/5/14,24,34,36,57,58
7/2/14,8,18,45,53,58
6/25/14,10,20,25,50,53
6/21/14,5,6,37,41,54
6/18/14,6,9,29,52,59
6/14/14,9,33,42,45,54
6/11/14,14,18,25,33,49
6/7/14,28,30,35,58,59
6/4/14,1,7,10,22,49
5/31/14,15,27,31,34,48
5/28/14,2,24,28,32,59
5/24/14,15,16,28,49,55
5/21/14,4,20,34,39,58
5/17/14,23,32,39,47,49
5/14/14,7,33,39,52,55
5/10/14,4,31,41,47,55
5/7/14,17,29,31,48,49
5/3/14,5,15,16,46,49
4/30/14,2,9,11,19,50
4/26/14,3,7,22,30,33
4/23/14,19,25,29,36,48
4/19/14,5,6,29,35,51
4/16/14,34,39,42,44,59
4/12/14,14,26,45,54,55
4/9/14,9,14,44,48,49
4/5/14,11,21,26,33,34
4/2/14,8,13,19,22,53
3/29/14,2,3,12,27,38
3/26/14,28,33,41,44,59
3/22/14,13,28,31,55,58
3/19/14,2,19,23,34,43
3/15/14,2,5,34,51,58
3/12/14,14,15,28,37,54
3/8/14,10,14,24,32,41
3/5/14,3,7,9,26,54
3/1/14,3,8,25,30,47
2/26/14,11,12,17,38,42
2/22/14,2,3,13,14,54
2/19/14,1,17,35,49,54
2/15/14,2,9,14,21,23
2/12/14,36,44,49,52,57
2/8/14,24,25,34,37,54
2/5/14,8,17,32,57,59
2/1/14,5,12,15,27,38
1/29/14,11,23,28,32,47
1/25/14,8,12,18,55,57
1/22/14,1,2,7,9,55
1/18/14,13,14,19,31,38
1/15/14,7,8,9,24,29
1/11/14,10,15,33,48,54
1/8/14,10,28,39,47,58
1/4/14,19,20,37,41,58
1/1/14,15,24,40,48,52
12/28/13,8,35,44,51,56
12/25/13,23,28,38,39,56
12/21/13,25,36,40,45,51
12/18/13,7,24,37,39,40
12/14/13,14,25,32,33,41
12/11/13,1,10,13,18,19
12/7/13,13,20,32,45,48
12/4/13,6,9,11,31,44
11/30/13,5,26,44,45,57
11/27/13,18,25,50,55,57
11/23/13,5,12,43,52,55
11/20/13,4,18,23,32,45
11/16/13,10,29,37,44,59
11/13/13,5,31,50,55,56
11/9/13,3,9,37,49,56
11/6/13,1,5,10,15,49
11/2/13,13,23,24,27,40
10/30/13,2,36,40,49,54
10/26/13,4,6,34,49,56
10/23/13,3,23,31,34,47
10/19/13,9,33,54,56,57
10/16/13,3,26,28,34,42
10/12/13,8,10,26,57,58
10/9/13,3,9,19,33,38
10/5/13,11,12,17,39,40
10/2/13,4,6,25,42,51
9/28/13,14,47,52,53,54
9/25/13,2,7,17,49,53
9/21/13,12,17,45,54,58
9/18/13,7,10,22,32,35
9/14/13,1,17,25,37,44
9/11/13,11,19,33,42,52
9/7/13,2,19,22,26,45
9/4/13,2,9,26,45,47
8/31/13,2,7,25,40,56
8/28/13,6,7,9,19,32
8/24/13,12,17,25,45,59
8/21/13,30,40,42,46,48
8/17/13,18,21,46,54,56
8/14/13,4,11,17,43,51
8/10/13,4,12,14,37,58
8/7/13,5,25,30,58,59
8/3/13,21,24,36,42,45
7/31/13,8,24,39,49,59
7/27/13,9,23,40,53,58
7/24/13,9,29,40,44,54
7/20/13,14,25,27,38,58
7/17/13,1,22,34,38,42
7/13/13,2,8,22,35,37
7/10/13,30,31,45,55,59
7/6/13,2,13,35,36,52
7/3/13,3,6,29,40,51
6/29/13,8,28,30,53,56
6/26/13,1,18,33,39,46
6/22/13,13,19,23,33,57
6/19/13,7,46,47,52,57
6/15/13,28,36,40,48,55
6/12/13,16,22,23,42,55
6/8/13,2,11,22,26,32
6/5/13,4,26,33,36,55
6/1/13,22,28,33,53,59
5/29/13,9,14,17,49,57
5/25/13,2,6,19,21,27
5/22/13,9,31,35,41,57
5/18/13,10,13,14,22,52
5/15/13,2,11,26,34,41
5/11/13,6,13,19,23,43
5/8/13,21,22,26,30,57
5/4/13,7,12,26,36,40
5/1/13,22,26,31,54,55
4/27/13,3,23,48,54,55
4/24/13,9,19,31,56,59
4/20/13,6,8,30,39,48
4/17/13,13,18,36,48,58
4/13/13,10,12,31,56,57
4/10/13,1,36,40,52,53
4/6/13,4,7,8,29,39
4/3/13,1,6,8,12,35
3/30/13,11,23,26,46,55
3/27/13,7,37,43,48,52
3/23/13,17,29,31,52,53
3/20/13,13,14,17,43,54
3/16/13,3,7,21,44,53
3/13/13,5,9,28,32,38
3/9/13,10,37,40,46,52
3/6/13,6,10,23,41,45
3/2/13,3,8,13,41,56
2/27/13,3,14,20,34,48
2/23/13,2,5,31,39,41
2/20/13,3,17,19,25,32
2/16/13,15,16,46,50,58
2/13/13,12,23,25,27,43
2/9/13,5,6,16,36,58
2/6/13,5,27,36,38,41
2/2/13,11,16,33,40,41
1/30/13,14,16,32,47,52
1/26/13,3,22,26,41,49
1/23/13,11,12,24,43,45
1/19/13,8,28,29,34,38
1/16/13,9,21,28,32,51
1/12/13,10,14,21,23,47
1/9/13,11,13,20,27,59
1/5/13,26,30,49,51,54
1/2/13,18,20,28,35,53
12/29/12,36,46,50,52,55
12/26/12,11,13,23,43,54
12/22/12,1,18,35,39,44
12/19/12,5,8,20,23,30
12/15/12,15,23,40,44,55
12/12/12,8,10,25,36,44
12/8/12,7,23,26,40,53
12/5/12,13,17,19,27,38
12/1/12,3,10,19,36,46
11/28/12,5,16,22,23,29
11/24/12,22,32,37,44,50
11/21/12,8,18,24,30,39
11/17/12,3,15,27,58,59
11/14/12,8,10,30,44,58
11/10/12,32,42,50,54,55
11/7/12,32,34,45,52,58
11/3/12,4,7,9,30,54
10/31/12,1,27,31,45,48
10/27/12,22,32,34,36,56
10/24/12,3,18,21,23,50
10/20/12,4,21,28,31,44
10/17/12,1,7,10,23,42
10/13/12,2,5,25,26,49
10/10/12,18,26,29,35,43
10/6/12,15,26,34,36,59
10/3/12,17,23,36,55,59
9/29/12,14,18,28,29,57
9/26/12,13,26,39,41,42
9/22/12,2,16,18,40,42
9/19/12,1,5,8,39,50
9/15/12,3,20,26,43,48
9/12/12,24,33,36,48,56
9/8/12,6,20,34,44,48
9/5/12,4,19,26,42,51
9/1/12,8,11,21,44,49
8/29/12,25,28,49,54,56
8/25/12,1,6,7,20,49
8/22/12,22,29,31,47,55
8/18/12,14,26,41,55,59
8/15/12,6,27,46,51,56
8/11/12,4,13,39,46,51
8/8/12,3,7,11,15,28
8/4/12,19,30,48,53,55
8/1/12,3,16,48,56,58
7/28/12,5,6,13,36,50
7/25/12,3,14,35,38,46
7/21/12,9,31,38,54,56
7/18/12,2,5,20,23,57
7/14/12,4,16,32,37,46
7/11/12,5,22,36,49,55
7/7/12,3,5,29,39,59
7/4/12,14,19,35,39,56
6/30/12,7,15,20,41,44
6/27/12,6,34,40,46,58
6/23/12,1,3,41,44,53
6/20/12,11,17,29,56,57
6/16/12,8,14,15,16,27
6/13/12,7,10,14,33,57
6/9/12,18,22,45,56,57
6/6/12,19,30,33,48,59
6/2/12,9,10,17,29,45
5/30/12,9,10,24,52,56
5/26/12,13,14,41,49,59
5/23/12,4,7,26,53,59
5/19/12,8,13,35,46,51
5/16/12,3,7,21,28,43
5/12/12,10,24,35,53,58
5/9/12,1,7,11,55,56
5/5/12,9,12,20,44,59
5/2/12,7,8,33,38,50
4/28/12,31,39,40,57,58
4/25/12,4,25,29,34,43
4/21/12,6,8,20,42,51
4/18/12,20,22,39,46,49
4/14/12,14,15,16,19,24
4/11/12,16,23,42,44,47
4/7/12,5,13,17,20,30
4/4/12,1,24,33,45,49
3/31/12,5,14,36,54,58
3/28/12,11,16,29,50,58
3/24/12,1,15,35,37,47
3/21/12,32,43,53,55,56
3/17/12,11,14,49,55,58
3/14/12,1,8,41,46,59
3/10/12,5,14,17,20,41
3/7/12,12,35,45,46,47
3/3/12,29,30,45,47,49
2/29/12,1,4,11,23,26
2/25/12,6,11,42,53,54
2/22/12,7,16,17,39,51
2/18/12,23,28,50,56,59
2/15/12,11,12,32,52,56
2/11/12,1,10,37,52,57
2/8/12,17,28,38,39,51
2/4/12,15,23,43,45,56
2/1/12,8,13,17,34,59
1/28/12,5,33,41,54,59
1/25/12,4,19,28,29,47
1/21/12,12,24,43,44,45
1/18/12,6,29,34,44,50
1/14/12,10,30,36,38,41
1/11/12,5,19,29,45,47
1/7/12,3,21,24,38,39
1/4/12,21,35,46,47,50
12/31/11,5,23,25,28,40
12/28/11,16,21,27,41,45
12/24/11,14,16,30,51,52
12/21/11,10,13,15,31,54
12/17/11,13,28,49,51,59
12/14/11,2,24,46,52,56
12/10/11,4,19,33,41,59
12/7/11,3,14,20,39,40
12/3/11,5,18,33,43,45
11/30/11,2,6,34,35,47
11/26/11,20,37,39,45,55
11/23/11,4,30,35,57,59
11/19/11,9,16,17,28,30
11/16/11,13,22,25,39,51
11/12/11,4,35,36,51,56
11/9/11,5,35,57,58,59
11/5/11,2,33,39,40,43
11/2/11,12,14,34,39,46
10/29/11,11,16,40,51,56
10/26/11,1,18,21,39,55
10/22/11,3,8,23,30,58
10/19/11,16,26,35,52,58
10/15/11,5,10,24,38,43
10/12/11,10,12,23,43,47
10/8/11,3,27,35,37,45
10/5/11,7,20,43,46,54
10/1/11,1,12,23,27,43
9/28/11,30,41,50,51,53
9/24/11,3,4,12,27,44
9/21/11,12,47,48,52,55
9/17/11,6,20,22,32,43
9/14/11,16,41,42,50,59
9/10/11,4,19,22,32,53
9/7/11,3,5,18,27,54
9/3/11,15,25,52,53,54
8/31/11,13,19,35,47,57
8/27/11,2,12,25,54,58
8/24/11,9,13,47,49,53
8/20/11,2,17,23,28,47
8/17/11,18,28,31,48,52
8/13/11,9,12,35,50,58
8/10/11,11,18,36,41,46
8/6/11,25,30,54,57,59
8/3/11,13,19,21,28,49
7/30/11,20,40,41,47,55
7/27/11,38,40,41,51,59
7/23/11,1,7,27,38,48
7/20/11,1,4,38,40,42
7/16/11,24,28,48,50,54
7/13/11,8,18,19,32,54
7/9/11,1,9,11,23,31
7/6/11,11,15,24,50,55
7/2/11,1,11,18,29,51
6/29/11,24,30,45,57,59
6/25/11,18,36,39,41,57
6/22/11,12,15,19,46,59
6/18/11,12,21,22,38,41
6/15/11,19,20,38,41,43
6/11/11,16,18,27,36,50
6/8/11,14,37,44,45,53
6/4/11,17,19,39,41,58
6/1/11,8,18,38,46,56
5/28/11,12,20,43,51,55
5/25/11,4,23,31,42,50
5/21/11,2,8,40,49,50
5/18/11,7,12,13,42,49
5/14/11,8,17,18,40,44
5/11/11,9,17,32,43,45
5/7/11,2,11,27,47,55
5/4/11,3,15,27,29,41
4/30/11,6,13,15,32,41
4/27/11,4,24,40,44,55
4/23/11,3,11,47,48,58
4/20/11,9,24,34,36,43
4/16/11,21,33,44,45,55
4/13/11,4,23,39,49,50
4/9/11,5,14,32,53,56
4/6/11,10,18,41,55,56
4/2/11,6,22,34,43,45
3/30/11,19,20,42,56,58
3/26/11,4,10,11,19,33
3/23/11,5,15,26,28,32
3/19/11,3,11,20,27,46
3/16/11,28,39,40,48,53
3/12/11,1,4,12,41,47
3/9/11,12,20,28,40,48
3/5/11,2,23,31,42,48
3/2/11,7,31,50,51,58
2/26/11,4,13,17,21,45
2/23/11,29,32,36,39,49
2/19/11,3,12,34,37,42
2/16/11,9,13,21,23,48
2/12/11,11,32,36,48,52
2/9/11,7,11,39,42,51
2/5/11,15,37,41,56,59
2/2/11,3,14,33,53,57
1/29/11,24,28,45,49,52
1/26/11,4,5,36,47,58
1/22/11,30,31,34,45,51
1/19/11,22,36,51,56,59
1/15/11,9,13,22,23,37
1/12/11,19,21,23,40,48
1/8/11,6,7,26,33,52
1/5/11,22,26,32,38,40
1/1/11,18,22,37,47,54
12/29/10,3,16,18,20,37
12/25/10,1,17,38,50,52
12/22/10,11,33,44,46,47
12/18/10,4,11,19,33,43
12/15/10,10,11,18,32,45
12/11/10,1,8,10,19,20
12/8/10,8,11,25,41,58
12/4/10,13,24,27,31,42
12/1/10,5,10,11,12,20
11/27/10,10,30,37,47,54
11/24/10,8,20,21,32,37
11/20/10,10,12,38,53,57
11/17/10,14,16,53,54,59
11/13/10,17,30,48,51,54
11/10/10,5,8,11,40,44
11/6/10,7,12,23,34,38
11/3/10,34,38,39,45,50
10/30/10,1,7,27,36,49
10/27/10,20,24,25,53,59
10/23/10,2,7,16,20,46
10/20/10,7,17,20,39,59
10/16/10,11,12,15,16,28
10/13/10,12,22,32,34,46
10/9/10,2,6,32,42,49
10/6/10,14,26,37,41,46
10/2/10,12,20,30,36,47
9/29/10,13,44,51,52,55
9/25/10,8,16,27,35,42
9/22/10,10,24,36,52,55
9/18/10,1,18,37,39,44
9/15/10,7,20,21,34,43
9/11/10,7,17,20,36,59
9/8/10,10,35,39,51,57
9/4/10,11,14,22,33,42
9/1/10,17,20,21,40,51
8/28/10,4,22,27,32,56
8/25/10,16,17,29,31,36
8/21/10,7,10,12,22,27
8/18/10,4,32,33,47,55
8/14/10,9,33,36,50,58
8/11/10,7,10,22,23,52
8/7/10,4,22,26,31,52
8/4/10,19,28,30,37,53
7/31/10,1,16,17,41,57
7/28/10,1,11,20,25,27
7/24/10,20,30,38,46,59
7/21/10,16,22,30,51,58
7/17/10,22,27,35,37,45
7/14/10,20,21,23,38,42
7/10/10,20,21,27,28,56
7/7/10,10,41,44,48,56
7/3/10,3,10,14,52,53
6/30/10,6,38,43,47,48
6/26/10,13,30,32,38,57
6/23/10,11,30,45,47,48
6/19/10,9,30,31,50,54
6/16/10,8,11,18,29,36
6/12/10,9,12,13,35,38
6/9/10,14,22,27,32,49
6/5/10,18,34,40,48,59
6/2/10,4,9,14,39,43
5/29/10,1,3,24,28,41
5/26/10,1,6,10,13,20
5/22/10,19,20,40,47,57
5/19/10,2,7,29,55,58
5/15/10,15,21,23,28,36
5/12/10,37,51,52,53,58
5/8/10,5,22,34,41,57
5/5/10,13,34,40,47,57
5/1/10,16,23,25,49,58
4/28/10,12,22,25,28,44
4/24/10,1,12,53,56,57
4/21/10,11,34,41,49,55
4/17/10,5,21,22,41,49
4/14/10,6,14,32,38,52
4/10/10,21,22,49,52,58
4/7/10,4,36,40,44,52
4/3/10,10,15,31,52,59
3/31/10,5,13,17,45,54
3/27/10,7,21,32,44,52
3/24/10,14,20,24,39,49
3/20/10,9,36,39,44,45
3/17/10,24,26,45,48,55
3/13/10,6,16,20,31,36
3/10/10,17,21,37,41,50
3/6/10,10,29,33,41,59
3/3/10,7,9,14,45,49
2/27/10,18,47,51,53,58
2/24/10,4,17,35,50,57
2/20/10,13,27,37,41,54
2/17/10,7,8,19,26,36
2/13/10,10,14,30,40,51
2/10/10,5,8,29,37,38
2/6/10,14,22,52,54,59
2/3/10,17,22,36,37,52